,,,,
,VLAN Name,Interface Location,VLAN ID,IP Address
,vlan 10,10.35.10.1,Mgmnt,10.35.10.1/24
,vlan 20,10.35.10.1,Admin,10.35.20.1/24
,vlan 30,10.35.10.1,Teacher,10.35.30.1/24
,vlan 40,10.35.10.1,Student,10.35.40.1/24
,vlan 50,10.35.10.1,WiFi Admin,10.35.50.1/21
,vlan 60,10.35.10.1,WiFi Stdnt,10.35.60.1/24
,vlan 70,10.35.10.1,VoIP,10.35.70.1/24
,vlan 80,10.35.10.1,HVAC,10.35.80.1/24
,vlan 90,10.35.10.1,Alarm,10.35.90.1/24
,vlan 100,10.35.10.1,Video,10.35.100.1/24
,vlan 135,10.35.10.1,Opteman,10.250.35.35/24
,vlan 250,10.35.10.1,Opteman2,10.250.250.35/24