20,30,40,50,60,70,80,90,100
000bab-780459,b8af67-fc99b3,, 001e8c-34e936,b8af67-fc99b3,00e0bb-28b27e,b8af67-fc99b3,000463-5bf14f,001dba-0f99ab
001676-2e6f61,, 001125-79d522,  00225f-29a695,,b8af67-fc99b3,00203d-044dfc,001618-6510dc,  001dba-0f99af
2c44fd-37a8e6,,  001125-99d387,  00904b-fc981c,,00-90-8F-08-3D-0F        ,,b8af67-fc99b3,  001dba-0f99b0
5c260a-135f6e,,  001125-9a6205,  00cdfe-a7d53b,,00-E0-BB-22-6D-67  ,,,  0024be-08497d
7446a0-4bffdb,,  001125-9a7808,  183bd2-e58077,,00-E0-BB-22-6D-9F        ,,,  0024be-0849a9
b8af67-fc99b3,,  002564-9d5b82,  1c5cf2-846496,,00-E0-BB-23-91-C3  ,,,  0024be-0849ab
000bab-780459,,  3ca82a-005337,  1c659d-2bd02a,,00-E0-BB-28-23-F4        ,,,  0024be-0849ac
001676-2e6f61,,  6caab3-1554d0,  286aba-ee6710,,B8-AF-67-FC-99-B3  ,,,  0024be-0849ad
005056-9c7815,,  6caab3-155cc0,  2cf0ee-9bc6ef,,00e0bb-286ea5,,,  0024be-0849ae
2c44fd-37a8e6,,  6caab3-156200,  3010e4-2edb6c,,00e0bb-286ed1,,,  0024be-0849af
5c260a-135f6e,,  6caab3-15b6b0,  507a55-ba56e4,,00e0bb-286f31,,,  0024be-0849b0
7446a0-4bffdb,,  6caab3-166380,  543530-0472a9,,00908f-083d0f,,,  0024be-0849ba
7845c4-24d031,,  7845c4-248c84,  543530-04758d,,00e0bb-226c00,,,  0024be-0849bb
90b11c-2ca0a2,,  b8af67-fc99b3,  543530-3652f5,,00e0bb-28c60c,,,  0024be-0849bc
b8af67-fc99b3,,  bc305b-c75492,  543530-411ebf,,00e0bb-28b16a,,,  0024be-0849d5
00-1D-BA-0F-99-AF       ,,00-11-11-41-69-B3,  543530-6bea7f,,00e0bb-28b1c7,,,  0024be-0849d6
00-24-BE-08-49-7D ,,00-14-22-BA-2A-FD,  543530-6c0961,,00-E0-BB-28-6E-CF,,,  0024be-0849d7
00-24-BE-08-49-A9       ,,00-16-76-2D-9E-5A,  543530-6c0985,,,,,  0024be-0849d8
00-24-BE-08-49-AB ,,00-25-64-9D-5B-82,  543530-6c0f07,,,,,  0024be-084a05
00-24-BE-08-49-AC       ,,3C-A8-2A-00-53-37,  543530-6c0fbf,,,,,  0024be-084a06
00-24-BE-08-49-AD ,,6C-AA-B3-15-54-D0,  543530-6c1fa1,,,,,  0024be-084a07
00-24-BE-08-49-AE       ,,6C-AA-B3-15-5C-C0,  543530-8a7393,,,,,  0024be-084a08
00-24-BE-08-49-AF ,,6C-AA-B3-15-62-00,  5cf938-7bea25,,,,,  0024be-084a4d
00-24-BE-08-49-B0       ,,6C-AA-B3-15-B6-B0,  68a86d-40ea90,,,,,  0024be-084a4e
00-24-BE-08-49-BA ,,6C-AA-B3-16-63-80,  6caab3-156220,,,,,  0024be-084a4f
00-24-BE-08-49-BC       ,,78-45-C4-24-8C-84,  6caab3-1647b0,,,,,  0024be-084a50
00-24-BE-08-49-D6 ,,B8-AF-67-FC-99-B3,  6caab3-171b60,,,,,  0024be-084a5d
00-24-BE-08-4A-08       ,,BC-30-5B-C7-54-92,  6caab3-173310,,,,,  0024be-084a5e
00-24-BE-08-4A-4D ,,00-00-AA-F9-67-48,  801934-775fec,,,,,  0024be-084a5f
00-24-BE-08-4A-4F       ,,9C-93-4E-57-20-F5,  801934-cfd744,,,,,  0024be-084a60
00-24-BE-08-4A-5E ,,,  801934-cfe257,,,,,  0024be-182a9d
00-24-BE-08-4A-60       ,,,  801934-d07893,,,,,  0024e8-6a58db
00-24-BE-18-2A-9D ,,,  801934-d07c3f,,,,,  b8af67-fc99b3
00-24-E8-6A-58-DB       ,,,  801934-d07c62,,,,,
B8-AF-67-FC-99-B3 ,,,  801934-d3736d,,,,,
,,,  80e650-0c3024,,,,,
,,,  8c0c90-047e20,,,,,
,,,  8c0c90-048200,,,,,
,,,  8c0c90-04dcb0,,,,,
,,,  8c0c90-064f20,,,,,
,,,  8c0c90-0652a0,,,,,
,,,  8c0c90-0817b0,,,,,
,,,  8c2937-1c9c23,,,,,
,,,  8ca982-056a92,,,,,
,,,  903c92-5941f5,,,,,
,,,  9c934e-5ce73a,,,,,
,,,  a8a668-4d4b9a,,,,,
,,,  b01041-0d7931,,,,,
,,,  b01041-214889,,,,,
,,,  b01041-33e0ed,,,,,
,,,  b01041-33e975,,,,,
,,,  b01041-340a3b,,,,,
,,,  b01041-68e9e1,,,,,
,,,  b01041-68eb51,,,,,
,,,  b01041-68ebe3,,,,,
,,,  b01041-691fd7,,,,,
,,,  b01041-69336d,,,,,
,,,  b01041-6964fb,,,,,
,,,  b01041-69913b,,,,,
,,,  b01041-69de13,,,,,
,,,  b8af67-fc99b3,,,,,
,,,  b8e856-ad3d96,,,,,
,,,  b8ff61-026c07,,,,,
,,,  c44202-768e0d,,,,,
,,,  d0bf9c-b2e6a6,,,,,
,,,  d4c9ef-096046,,,,,
,,,  fc1910-70d1a7,,,,,
